"filename", "language", "Python", "Properties", "Docker", "pip requirements", "YAML", "Markdown", "Ignore", "comment", "blank", "total"
"c:\Users\Student\Documents\GitHub\Schedule-RTU-API\.dockerignore", "Ignore", 0, 0, 0, 0, 0, 0, 1, 0, 0, 1
"c:\Users\Student\Documents\GitHub\Schedule-RTU-API\Dockerfile", "Docker", 0, 0, 8, 0, 0, 0, 0, 1, 5, 14
"c:\Users\Student\Documents\GitHub\Schedule-RTU-API\README.md", "Markdown", 0, 0, 0, 0, 0, 26, 0, 0, 12, 38
"c:\Users\Student\Documents\GitHub\Schedule-RTU-API\app\__init__.py", "Python", 59, 0, 0, 0, 0, 0, 0, 0, 14, 73
"c:\Users\Student\Documents\GitHub\Schedule-RTU-API\app\schedule.py", "Python", 266, 0, 0, 0, 0, 0, 0, 16, 54, 336
"c:\Users\Student\Documents\GitHub\Schedule-RTU-API\app\views.py", "Python", 130, 0, 0, 0, 0, 0, 0, 425, 37, 592
"c:\Users\Student\Documents\GitHub\Schedule-RTU-API\azure-pipelines.yml", "YAML", 0, 0, 0, 0, 95, 0, 0, 0, 4, 99
"c:\Users\Student\Documents\GitHub\Schedule-RTU-API\docker-compose.override.yml", "YAML", 0, 0, 0, 0, 23, 0, 0, 1, 3, 27
"c:\Users\Student\Documents\GitHub\Schedule-RTU-API\docker-compose.production.yml", "YAML", 0, 0, 0, 0, 48, 0, 0, 0, 3, 51
"c:\Users\Student\Documents\GitHub\Schedule-RTU-API\docker-compose.yml", "YAML", 0, 0, 0, 0, 8, 0, 0, 0, 2, 10
"c:\Users\Student\Documents\GitHub\Schedule-RTU-API\pdf_parser\__init__.py", "Python", 0, 0, 0, 0, 0, 0, 0, 0, 1, 1
"c:\Users\Student\Documents\GitHub\Schedule-RTU-API\pdf_parser\main.py", "Python", 7, 0, 0, 0, 0, 0, 0, 0, 2, 9
"c:\Users\Student\Documents\GitHub\Schedule-RTU-API\proxy\Dockerfile", "Docker", 0, 0, 3, 0, 0, 0, 0, 0, 2, 5
"c:\Users\Student\Documents\GitHub\Schedule-RTU-API\proxy\nginx.conf", "Properties", 0, 13, 0, 0, 0, 0, 0, 1, 1, 15
"c:\Users\Student\Documents\GitHub\Schedule-RTU-API\refresh_invoker\Dockerfile", "Docker", 0, 0, 7, 0, 0, 0, 0, 5, 6, 18
"c:\Users\Student\Documents\GitHub\Schedule-RTU-API\requirements.txt", "pip requirements", 0, 0, 0, 35, 0, 0, 0, 0, 1, 36
"c:\Users\Student\Documents\GitHub\Schedule-RTU-API\run.py", "Python", 4, 0, 0, 0, 0, 0, 0, 0, 1, 5
"c:\Users\Student\Documents\GitHub\Schedule-RTU-API\schedule_parser\__init__.py", "Python", 0, 0, 0, 0, 0, 0, 0, 0, 1, 1
"c:\Users\Student\Documents\GitHub\Schedule-RTU-API\schedule_parser\downloader.py", "Python", 85, 0, 0, 0, 0, 0, 0, 5, 22, 112
"c:\Users\Student\Documents\GitHub\Schedule-RTU-API\schedule_parser\formatters.py", "Python", 165, 0, 0, 0, 0, 0, 0, 68, 48, 281
"c:\Users\Student\Documents\GitHub\Schedule-RTU-API\schedule_parser\get_or_create.py", "Python", 8, 0, 0, 0, 0, 0, 0, 0, 0, 8
"c:\Users\Student\Documents\GitHub\Schedule-RTU-API\schedule_parser\main.py", "Python", 43, 0, 0, 0, 0, 0, 0, 0, 11, 54
"c:\Users\Student\Documents\GitHub\Schedule-RTU-API\schedule_parser\models.py", "Python", 84, 0, 0, 0, 0, 0, 0, 0, 39, 123
"c:\Users\Student\Documents\GitHub\Schedule-RTU-API\schedule_parser\orm_reader.py", "Python", 343, 0, 0, 0, 0, 0, 0, 31, 93, 467
"c:\Users\Student\Documents\GitHub\Schedule-RTU-API\schedule_parser\writer.py", "Python", 116, 0, 0, 0, 0, 0, 0, 17, 28, 161
"c:\Users\Student\Documents\GitHub\Schedule-RTU-API\waitress_run.py", "Python", 5, 0, 0, 0, 0, 0, 0, 0, 3, 8
"Total", "-", 1315, 13, 18, 35, 174, 26, 1, 570, 393, 2545